tracker,HOTA(0),IDF1,MOTA,IDSW,Frag
pig5fps_baseline,0.8324182492053662,0.835192797024858,0.8304331728989264,172,467.0
